"effect_id","status","location","implemented","notes"
"0","explicit","scripts/battle_moves_impls/battle_moves_impls.gml (default damage path)","yes","Fallback effect (no special behavior) handled by base damage pipeline."
"1","explicit","scripts/battle_moves_impls/battle_moves_impls.gml (default damage path)","yes","Baseline special damage handled via __battle_apply_move_damage with no extra metadata."
"2","explicit","datafiles/data/csv/move_meta.csv; scripts/battle_impls/battle_impls.gml","yes","Sleep family is driven by move_meta ailment data and applied through the generic ailment pipeline."
"3","explicit","datafiles/data/csv/move_meta.csv; scripts/battle_impls/battle_impls.gml","yes","Poison family is driven by move_meta ailment data and applied through the generic ailment pipeline."
"4","explicit","scripts/PokemonDataLoaders/PokemonDataLoaders.gml (fallback mappings)","yes","Drain/heal percentages synthesized from effect_id 4."
"5","explicit","scripts/PokemonDataLoaders/PokemonDataLoaders.gml (fallback mappings)","yes","Move meta synthesis injects burn status + chance for effect_id 5."
"6","explicit","datafiles/data/csv/move_meta.csv; scripts/battle_impls/battle_impls.gml","yes","Freeze family is driven by move_meta ailment data and applied through the generic ailment pipeline."
"7","explicit","datafiles/data/csv/move_meta.csv; scripts/battle_impls/battle_impls.gml","yes","Paralysis family is driven by move_meta ailment data and applied through the generic ailment pipeline."
"8","explicit","scripts/battle_moves_impls/battle_moves_impls.gml","yes","Self-Destruct and Explosion now resolve through the move implementation tail and faint the user after the move resolves."
"9","explicit","scripts/battle_moves_impls/battle_moves_impls.gml; scripts/PokemonDataLoaders/PokemonDataLoaders.gml","yes","Focused effect-9-112 smoke validated Dream Eater failing against awake targets, damaging sleeping targets, and draining half damage."
"10","explicit","scripts/battle_moves_impls/battle_moves_impls.gml","yes","Mirror Move is implemented directly in the move implementation path by replaying the last valid move that targeted the user."
"11","covered_by_stat_changes",""
"12","covered_by_stat_changes",""
"13","not_in_dataset","","no","No effect_id 13 appears in datafiles/data/csv/moves.csv or move_effect_prose.csv."
"14","covered_by_stat_changes","","yes","Special Attack +1 is covered by generic stat-change data when present."
"15","not_in_dataset","","no","No effect_id 15 appears in datafiles/data/csv/moves.csv or move_effect_prose.csv."
"16","not_in_dataset","","no","No effect_id 16 appears in datafiles/data/csv/moves.csv or move_effect_prose.csv."
"17","covered_by_stat_changes",""
"18","explicit","datafiles/data/csv/moves.csv; scripts/battle_system/battle_system.gml","yes","Never-miss family already resolves through move accuracy data; blank accuracy falls back to 100 in __battle_move_accuracy."
"19","covered_by_stat_changes",""
"20","covered_by_stat_changes",""
"21","covered_by_stat_changes",""
"22","not_in_dataset","","no","No effect_id 22 appears in datafiles/data/csv/moves.csv or move_effect_prose.csv."
"23","not_in_dataset","","no","No effect_id 23 appears in datafiles/data/csv/moves.csv or move_effect_prose.csv."
"24","covered_by_stat_changes",""
"25","covered_by_stat_changes",""
"26","explicit","scripts/battle_move_meta_helpers/battle_move_meta_helpers.gml","yes","Haze now clears all active stat stages and side Mist effects through the battle field/meta helper path."
"27","explicit","scripts/battle_moves_impls/battle_moves_impls.gml; scripts/battle_actions/battle_actions.gml; scripts/battle_system/battle_system.gml","yes","Focused effect-27-42 smoke validated Bide releasing double stored damage."
"28","explicit","scripts/battle_moves_impls/battle_moves_impls.gml; scripts/battle_system/battle_system.gml","yes","Focused effect-27-42 smoke validated Thrash-family locked move state for Petal Dance/Outrage semantics."
"29","explicit","scripts/battle_moves_impls/battle_moves_impls.gml","yes","Focused effect-27-42 smoke validated Roar/Whirlwind ending wild battles; trainer force-switch path is wired for trainer battles."
"30","explicit","scripts/PokemonDataLoaders/PokemonDataLoaders.gml (fallback mappings)"
"31","explicit","scripts/battle_moves_impls/battle_moves_impls.gml","yes","Focused effect-27-42 smoke validated Conversion changing the user to one of its move types."
"32","explicit","scripts/battle_actions/battle_actions.gml (explicit damage handling - OHKO)","yes","OHKO routine executed via __battle_apply_move_damage."
"33","explicit","datafiles/data/csv/move_meta.csv; scripts/battle_move_meta_helpers/battle_move_meta_helpers.gml","yes","Recover-style healing is driven by move_meta.healing and resolved by the generic meta-effect heal path."
"34","explicit","scripts/PokemonDataLoaders/PokemonDataLoaders.gml; scripts/battle_move_meta_helpers/battle_move_meta_helpers.gml","yes","Focused effect-27-42 smoke validated Toxic forcing badly poisoned status through move meta."
"35","explicit","scripts/battle_moves_impls/battle_moves_impls.gml","yes","Focused effect-27-42 smoke validated Pay Day tracking level * 5 scattered money on a successful hit."
"36","explicit","scripts/battle_move_meta_helpers/battle_move_meta_helpers.gml; scripts/battle_actions/battle_actions.gml","yes","Light Screen now creates a timed side barrier and halves incoming special damage while active."
"37","explicit","scripts/battle_moves_impls/battle_moves_impls.gml","yes","Thrash lock enforcement and confusion-after-lock behavior are implemented directly in the move implementation path."
"38","explicit","scripts/battle_moves_impls/battle_moves_impls.gml","yes","Rest now heals the user to full, clears major status ailments, and applies self-sleep through the explicit move implementation path."
"39","explicit","scripts/PokemonDataLoaders/PokemonDataLoaders.gml (fallback mappings)","yes","OHKO flag injected via move meta for effect_id 39."
"40","explicit","scripts/battle_moves_impls/battle_moves_impls.gml","yes","Focused effect-27-42 smoke validated Razor Wind entering the two-turn charge state."
"41","explicit","scripts/battle_actions/battle_actions.gml; scripts/battle_system/battle_system.gml","yes","Focused effect-27-42 smoke validated Super Fang-style half-current-HP damage."
"42","explicit","scripts/battle_actions/battle_actions.gml; scripts/battle_system/battle_system.gml","yes","Focused effect-27-42 smoke validated Dragon Rage exact 40 HP fixed damage."
"43","explicit","scripts/PokemonDataLoaders/PokemonDataLoaders.gml (fallback mappings)","yes","Trap status + chance synthesized for bind-style moves."
"44","explicit","scripts/battle_impls/battle_impls.gml; scripts/battle_system/battle_system.gml","yes","Focused effect-9-112 smoke validated high critical-hit ratio moves using the boosted crit stage."
"45","explicit","scripts/PokemonDataLoaders/PokemonDataLoaders.gml (fallback mappings)","yes","Two-hit mapping provided by move meta case."
"46","explicit","scripts/battle_moves_impls/battle_moves_impls.gml","yes","Jump Kick and High Jump Kick now both apply miss recoil through the explicit move implementation path."
"47","explicit","scripts/battle_move_meta_helpers/battle_move_meta_helpers.gml; scripts/battle_field_helpers/battle_field_helpers.gml","yes","Mist now creates a timed side status that blocks incoming stat-lowering effects."
"48","explicit","scripts/battle_moves_impls/battle_moves_impls.gml; scripts/battle_impls/battle_impls.gml","yes","Focus Energy now applies a persistent crit-rate boost on the user that is consumed by later damage calculations."
"49","explicit","scripts/PokemonDataLoaders/PokemonDataLoaders.gml (fallback mappings)","yes","Recoil percentage seeded from effect_id 49 mapping."
"50","explicit","scripts/battle_moves_impls/battle_moves_impls.gml","yes","Disable is handled directly by the move implementation and disable-status helpers."
"51","covered_by_stat_changes",""
"52","covered_by_stat_changes",""
"52","explicit","scripts/status_system/status_system.gml (explicit handling)","yes","Status registry maintains trap tick and cleanup logic for the trap ailment used by effect_id 43 moves."
"53","covered_by_stat_changes","","yes","Speed +2 is covered by generic stat-change data when present."
"54","covered_by_stat_changes",""
"55","covered_by_stat_changes",""
"58","explicit","scripts/battle_moves_impls/battle_moves_impls.gml","yes","Transform is implemented directly in the move implementation path."
"59","covered_by_stat_changes",""
"60","covered_by_stat_changes",""
"61","covered_by_stat_changes",""
"62","covered_by_stat_changes",""
"63","covered_by_stat_changes","","yes","Special Defense -2 is covered by generic stat-change data when present."
"66","explicit","scripts/battle_move_meta_helpers/battle_move_meta_helpers.gml; scripts/battle_actions/battle_actions.gml","yes","Reflect now creates a timed side barrier and halves incoming physical damage while active."
"67","explicit","datafiles/data/csv/move_meta.csv; scripts/battle_impls/battle_impls.gml","yes","Poison-powder/gas family is driven by move_meta ailment data and applied through the generic ailment pipeline."
"68","explicit","datafiles/data/csv/move_meta.csv; scripts/battle_impls/battle_impls.gml","yes","Paralysis powder/wave family is driven by move_meta ailment data and applied through the generic ailment pipeline."
"69","explicit","scripts/battle_actions/battle_actions.gml (explicit damage handling)"
"70","covered_by_stat_changes",""
"71","covered_by_stat_changes",""
"72","covered_by_stat_changes",""
"73","explicit","scripts/PokemonDataLoaders/PokemonDataLoaders.gml (fallback mappings)","yes","Special defense drop chance produced in move meta heuristics."
"74","explicit","datafiles/data/csv/move_meta_stat_changes.csv; scripts/PokemonDataLoaders/PokemonDataLoaders.gml","yes","Accuracy drop stat_changes loaded from CSV and applied via battle_system generic stat-change handler."
"75","missing",""
"76","explicit","scripts/battle_moves_impls/battle_moves_impls.gml; scripts/PokemonDataLoaders/PokemonDataLoaders.gml","yes","Focused effect-76-94 smoke validated Sky Attack charge handling and flinch metadata."
"77","explicit","datafiles/data/csv/move_meta.csv; scripts/battle_impls/battle_impls.gml","yes","Confusion ailment delivered through move_meta (ailment_id=6) pipeline and status_system apply."
"78","explicit","scripts/PokemonDataLoaders/PokemonDataLoaders.gml (fallback mappings)","yes","Double-hit meta mapping present for effect_id 78."
"79","explicit","datafiles/data/csv/moves.csv; scripts/battle_system/battle_system.gml","yes","Never-miss family resolves through move accuracy data; blank accuracy falls back to 100 in __battle_move_accuracy."
"80","explicit","scripts/battle_moves_impls/battle_moves_impls.gml; scripts/battle_actions/battle_actions.gml; scripts/status_system/status_system.gml","yes","Substitute now creates a decoy status with stored HP and direct move damage is absorbed by the decoy before the user takes real HP damage."
"81","explicit","scripts/battle_moves_impls/battle_moves_impls.gml","yes","Focused effect-9-112 smoke validated Hyper Beam-style recharge moves forcing the next action to recharge."
"82","explicit","scripts/battle_actions/battle_actions.gml (explicit damage handling)"
"83","explicit","scripts/battle_moves_impls/battle_moves_impls.gml","yes","Focused effect-76-94 smoke validated Mimic replaying the target's last valid move."
"84","explicit","scripts/battle_moves_impls/battle_moves_impls.gml","yes","Metronome is implemented directly in the move implementation path and rerolls into a non-meta move from the global move list."
"85","explicit","datafiles/data/csv/move_meta.csv; scripts/PokemonDataLoaders/PokemonDataLoaders.gml; scripts/status_system/status_system.gml","yes","Leech Seed is driven by move-meta ailment mapping into the generic status pipeline, with end-of-turn drain/heal handling in the status system and Grass-type immunity enforced on apply."
"86","explicit","scripts/battle_moves_impls/battle_moves_impls.gml","yes","Focused effect-76-94 smoke validated Splash as an explicit no-op."
"87","explicit","scripts/battle_impls/battle_impls.gml; scripts/battle_moves_impls/battle_moves_impls.gml","yes","Focused effect-76-94 smoke validated Disable targeting the opponent's previous move instead of Disable itself."
"88","explicit","scripts/battle_actions/battle_actions.gml; scripts/battle_system/battle_system.gml","yes","Focused effect-76-94 smoke validated Seismic Toss/Night Shade level-based fixed damage."
"89","explicit","scripts/battle_actions/battle_actions.gml; scripts/battle_system/battle_system.gml","yes","Focused effect-76-94 smoke validated Psywave fixed damage in the 50%-150% level-scaled range."
"90","explicit","scripts/battle_moves_impls/battle_moves_impls.gml","yes","Focused effect-76-94 smoke validated Counter reflecting last physical damage at double damage."
"91","explicit","scripts/battle_moves_impls/battle_moves_impls.gml; scripts/battle_system/battle_system.gml","yes","Focused effect-76-94 smoke validated Encore storing the target's last move with a turn duration."
"92","explicit","scripts/battle_moves_impls/battle_moves_impls.gml","yes","Focused effect-76-94 smoke validated Pain Split averaging user and target current HP."
"93","explicit","scripts/battle_moves_impls/battle_moves_impls.gml; scripts/battle_move_meta_helpers/battle_move_meta_helpers.gml","yes","Focused effect-76-94 smoke validated Snore failing while awake, working while asleep, and applying flinch meta."
"94","explicit","scripts/battle_moves_impls/battle_moves_impls.gml","yes","Focused effect-76-94 smoke validated Conversion 2 changing to a resistant/immune-style type from the last received move."
"95","explicit","scripts/battle_impls/battle_impls.gml; scripts/battle_system/battle_system.gml","yes","No Guard / Lock-On / Mind Reader accuracy bypass helpers route through __battle_should_ignore_accuracy and semi-invuln overrides."
"96","explicit","scripts/battle_moves_impls/battle_moves_impls.gml","yes","Sketch permanently replaces the selected move slot with the target's last valid move through the explicit move implementation path."
"98","explicit","scripts/battle_moves_impls/battle_moves_impls.gml","yes","Focused effect-9-112 smoke validated Sleep Talk failing while awake and selecting another known move while asleep."
"99","missing","datafiles/data/csv/moves.csv","no","Destiny Bond is present in moves.csv but does not yet have explicit faint-link handling."
"100","explicit","scripts/battle_system/battle_system.gml","yes","Focused effect-9-112 smoke validated Flail/Reversal low-HP variable power scaling."
"101","explicit","scripts/battle_actions/battle_actions.gml (explicit damage handling)"
"102","explicit","scripts/battle_moves_impls/battle_moves_impls.gml","yes","Mimic copies the target's last valid move through the explicit move implementation path."
"103","explicit","scripts/battle_moves_impls/battle_moves_impls.gml; scripts/status_system/status_system.gml; scripts/party_model/party_model.gml","yes","Heal Bell and Aromatherapy now clear major status ailments plus confusion across the user's active side and owned party reserve through the explicit move implementation path."
"104","explicit","scripts/battle_move_meta_helpers/battle_move_meta_helpers.gml","yes","Quick-attack-style visual/priority effect handling is routed explicitly in the move meta helper."
"105","missing",""
"106","missing",""
"107","missing",""
"108","missing",""
"109","covered_by_stat_changes",""
"110","missing",""
"112","explicit","scripts/battle_moves_impls/battle_moves_impls.gml; scripts/battle_system/battle_system.gml","yes","Focused effect-9-112 smoke validated Protect blocking incoming direct damage."
"113","explicit","scripts/battle_system/battle_system.gml (explicit handling)","yes","Implemented: Spikes entry damage with grounded checks (Flying/Levitate immune) and Magic Guard immunity to hazard damage; uses stage-safe damage application and animation cues."
"114","missing",""
"115","implemented","perish-song validated by focused smoke"
"116","explicit","scripts/battle_move_meta_helpers/battle_move_meta_helpers.gml; scripts/battle_weather_helpers/battle_weather_helpers.gml","yes","Sandstorm is routed through move-meta weather setup and the shared weather helper handles start messages, duration, end-of-turn chip damage, and immunity rules."
"117","implemented","endure validated by focused smoke"
"118","implemented","rollout validated by focused smoke"
"119","covered_by_stat_changes",""
"120","implemented","fury cutter validated by focused smoke"
"121","implemented","attract validated by combined smoke"
"122","implemented","return validated by combined smoke"
"123","implemented","present validated by combined smoke"
"124","implemented","frustration validated by combined smoke"
"125","implemented","safeguard validated by combined smoke"
"126","implemented","flame wheel thaw-on-use validated by combined smoke"
"127","implemented","magnitude validated by combined smoke"
"128","implemented","baton pass validated by combined smoke"
"129","implemented","pursuit validated by combined smoke"
"130","covered_by_stat_changes",""
"131","explicit","scripts/battle_actions/battle_actions.gml; scripts/battle_system/battle_system.gml","yes","Focused effect-131-155 smoke validated Sonic Boom exact 20 HP fixed damage."
"133","explicit","scripts/battle_move_meta_helpers/battle_move_meta_helpers.gml","yes","Focused effect-131-155 smoke validated Morning Sun/Synthesis/Moonlight weather healing: 2/3 in sun and 1/4 in rain/hail/snow/sandstorm."
"136","explicit","scripts/PokemonIndexSystem/PokemonIndexSystem.gml; scripts/battle_system/battle_system.gml; scripts/battle_actions/battle_actions.gml","yes","Focused effect-131-155 smoke validated Hidden Power's IV-based type and power resolution, and the PokemonIndexSystem helper path now checks cleanly."
"137","explicit","scripts/battle_move_meta_helpers/battle_move_meta_helpers.gml; scripts/battle_weather_helpers/battle_weather_helpers.gml","yes","Rain Dance is routed through move-meta weather setup and the shared weather helper applies rain state, duration, and messaging."
"138","explicit","scripts/battle_move_meta_helpers/battle_move_meta_helpers.gml; scripts/battle_weather_helpers/battle_weather_helpers.gml","yes","Sunny Day is routed through move-meta weather setup and the shared weather helper applies sun state, duration, and messaging."
"139","covered_by_stat_changes",""
"140","covered_by_stat_changes",""
"141","covered_by_stat_changes",""
"143","explicit","scripts/battle_moves_impls/battle_moves_impls.gml","yes","Focused effect-131-155 smoke validated Belly Drum half-HP cost, Attack +6, and failure requirements."
"144","explicit","scripts/battle_moves_impls/battle_moves_impls.gml","yes","Focused effect-131-155 smoke validated Psych Up copying the target's active stat stages."
"145","explicit","scripts/battle_moves_impls/battle_moves_impls.gml; scripts/battle_actions/battle_actions.gml","yes","Focused effect-131-155 smoke validated Mirror Coat reflecting last special damage at double damage."
"146","explicit","scripts/battle_moves_impls/battle_moves_impls.gml","yes","Focused effect-131-155 smoke validated Skull Bash Defense boost on the charging turn."
"147","explicit","scripts/battle_actions/battle_actions.gml; scripts/battle_move_meta_helpers/battle_move_meta_helpers.gml","yes","Focused effect-131-155 smoke validated Twister hitting airborne semi-invulnerable targets for doubled damage and applying flinch meta."
"148","explicit","scripts/battle_actions/battle_actions.gml","yes","Focused effect-131-155 smoke validated Earthquake hitting Dig users through the semi-invulnerable guard with doubled damage."
"149","explicit","scripts/battle_moves_impls/battle_moves_impls.gml; scripts/battle_system/battle_system.gml","yes","Focused effect-131-155 smoke validated Future Sight/Doom Desire queuing delayed snapshot damage that lands on the current target slot."
"150","explicit","scripts/battle_actions/battle_actions.gml","yes","Focused effect-131-155 smoke validated Gust hitting airborne semi-invulnerable targets through the guard with doubled damage."
"151","explicit","scripts/battle_actions/battle_actions.gml; scripts/battle_move_meta_helpers/battle_move_meta_helpers.gml","yes","Focused effect-131-155 smoke validated Stomp-style flinch meta and doubled damage against minimized targets."
"152","explicit","scripts/battle_moves_impls/battle_moves_impls.gml; scripts/battle_actions/battle_actions.gml","yes","Focused effect-131-155 smoke validated SolarBeam/Solar Blade sun charge skip and rain/hail/snow/sandstorm damage halving."
"153","explicit","scripts/battle_system/battle_system.gml; datafiles/data/csv/move_meta.csv","yes","Focused effect-131-155 smoke validated Thunder rain accuracy, sun accuracy penalty, and paralysis meta."
"154","explicit","scripts/battle_moves_impls/battle_moves_impls.gml","yes","Focused effect-131-155 smoke validated Teleport exiting wild battles through the battle close path."
"155","explicit","scripts/battle_system/battle_system.gml; datafiles/data/csv/move_meta.csv","yes","Focused effect-131-155 smoke validated Beat Up multi-hit meta and party-count-based variable power fallback."
"156","explicit","scripts/battle_moves_impls/battle_moves_impls.gml","yes","Semi-invulnerable charge support (Fly/Sky Attack) implemented in two-turn handler."
"157","covered_by_stat_changes",""
"159","explicit","scripts/battle_system/battle_system.gml; scripts/battle_moves_impls/battle_moves_impls.gml; scripts/test_trainer_battle_scenario/test_trainer_battle_scenario.gml","yes","Focused effect-159-176 smoke validated Fake Out first-turn-only use plus its flinch follow-through."
"160","explicit","scripts/battle_system/battle_system.gml; scripts/battle_impls/battle_impls.gml; scripts/battle_move_meta_helpers/battle_move_meta_helpers.gml; scripts/battle_moves_impls/battle_moves_impls.gml; scripts/test_trainer_battle_scenario/test_trainer_battle_scenario.gml","yes","Focused effect-159-176 smoke validated Uproar's forced reuse, waking sleeping battlers, and blocking fresh sleep while active."
"161","covered_by_stat_changes",""
"162","explicit","scripts/battle_system/battle_system.gml; scripts/battle_actions/battle_actions.gml","yes","Super Fang is routed through the special damage path, where it deals damage equal to half of the target's current HP."
"163","missing",""
"165","explicit","scripts/battle_move_meta_helpers/battle_move_meta_helpers.gml; scripts/battle_weather_helpers/battle_weather_helpers.gml","yes","Hail is routed through move-meta weather setup and the shared weather helper handles start messages, duration, end-of-turn chip damage, and immunity rules."
"166","explicit","datafiles/data/csv/move_meta.csv; scripts/PokemonDataLoaders/PokemonDataLoaders.gml; scripts/battle_moves_impls/battle_moves_impls.gml","yes","Torment is applied through the generic ailment/status pipeline, and move execution now blocks the afflicted battler from selecting the same move on consecutive turns."
"167","covered_by_stat_changes",""
"168","explicit","scripts/battle_move_meta_helpers/battle_move_meta_helpers.gml; datafiles/data/csv/move_meta.csv; scripts/test_trainer_battle_scenario/test_trainer_battle_scenario.gml","yes","Focused effect-159-176 smoke validated Will-O-Wisp through the generic burn ailment pipeline."
"169","covered_by_stat_changes",""
"170","explicit","scripts/battle_impls/battle_impls.gml; scripts/battle_system/battle_system.gml; scripts/test_trainer_battle_scenario/test_trainer_battle_scenario.gml","yes","Focused runtime effect-159-176 smoke passed after routing move power through the live impl path, validating Facade doubling its base power while the user is statused."
"171","explicit","scripts/battle_actions/battle_actions.gml; scripts/battle_moves_impls/battle_moves_impls.gml; scripts/test_trainer_battle_scenario/test_trainer_battle_scenario.gml","yes","Focused effect-159-176 smoke validated Focus Punch failing after the user took damage earlier in the turn."
"172","explicit","scripts/battle_impls/battle_impls.gml; scripts/battle_moves_impls/battle_moves_impls.gml; scripts/test_trainer_battle_scenario/test_trainer_battle_scenario.gml","yes","Focused effect-159-176 smoke validated Smelling Salts doubling into paralysis and curing it after a successful hit."
"173","missing",""
"174","missing",""
"175","covered_by_stat_changes",""
"176","explicit","scripts/battle_system/battle_system.gml; scripts/battle_moves_impls/battle_moves_impls.gml; scripts/test_trainer_battle_scenario/test_trainer_battle_scenario.gml","yes","Focused effect-159-176 smoke validated Taunt applying a temporary status-move restriction on the target."
"177","missing",""
"178","missing",""
"179","missing",""
"180","missing",""
"181","explicit","scripts/battle_moves_impls/battle_moves_impls.gml","yes","Assist is implemented directly in the move implementation path and selects a valid move known by an ally."
"182","explicit","datafiles/data/csv/move_meta.csv; scripts/PokemonDataLoaders/PokemonDataLoaders.gml; scripts/status_system/status_system.gml","yes","Ingrain is applied through the generic ailment/status pipeline, and the status system now roots the user and restores 1/16 max HP at end of turn."
"183","covered_by_stat_changes",""
"184","missing",""
"185","missing",""
"186","missing",""
"187","missing",""
"188","missing",""
"189","missing",""
"190","missing",""
"191","missing",""
"192","missing",""
"193","missing",""
"194","missing",""
"195","missing",""
"196","missing",""
"197","missing",""
"198","missing",""
"199","explicit","scripts/PokemonDataLoaders/PokemonDataLoaders.gml (fallback mappings)"
"200","missing",""
"201","missing",""
"202","missing",""
"203","missing",""
"204","missing",""
"205","covered_by_stat_changes",""
"206","covered_by_stat_changes",""
"207","covered_by_stat_changes",""
"208","missing",""
"209","covered_by_stat_changes",""
"210","missing",""
"211","missing",""
"212","covered_by_stat_changes",""
"213","covered_by_stat_changes",""
"214","missing",""
"215","missing",""
"216","missing",""
"217","missing",""
"218","missing",""
"219","covered_by_stat_changes",""
"220","missing",""
"221","missing",""
"222","missing",""
"223","missing",""
"224","missing",""
"225","missing",""
"226","missing",""
"227","missing",""
"228","missing",""
"229","missing",""
"230","covered_by_stat_changes",""
"231","missing",""
"232","missing",""
"233","explicit","datafiles/data/csv/moves.csv; scripts/bag_system/bag_system.gml; scripts/party_input/party_input.gml; scripts/battle_move_meta_helpers/battle_move_meta_helpers.gml"
"234","missing",""
"235","missing",""
"236","missing",""
"237","explicit","datafiles/data/csv/move_meta.csv; scripts/PokemonDataLoaders/PokemonDataLoaders.gml; scripts/battle_moves_impls/battle_moves_impls.gml","yes","Heal Block now maps through the generic ailment/status pipeline and move execution blocks affected battlers from using HP-recovery moves such as Recover, draining moves, and Rest while the status is active."
"238","missing",""
"239","missing",""
"240","missing",""
"241","missing",""
"242","explicit","scripts/battle_moves_impls/battle_moves_impls.gml","yes","Me First is implemented directly in the move implementation path by replaying the target's next damaging move."
"243","explicit","scripts/battle_impls/battle_impls.gml; scripts/battle_moves_impls/battle_moves_impls.gml","yes","Copycat now resolves from recorded move-usage history and replays the latest valid non-meta move through the normal move pipeline."
"244","missing",""
"245","missing",""
"246","missing",""
"247","missing",""
"248","missing",""
"249","missing",""
"250","explicit","scripts/battle_system/battle_system.gml (explicit handling)","yes","Implemented: Toxic Spikes with grounded checks; Poison-type entrants absorb and clear layers; Steel types and Flying/Levitate are immune; status applied via status_system (damage ticks handled elsewhere)."
"251","missing",""
"252","missing",""
"253","missing",""
"254","explicit","scripts/PokemonDataLoaders/PokemonDataLoaders.gml (fallback mappings)"
"255","explicit","scripts/PokemonDataLoaders/PokemonDataLoaders.gml (fallback mappings)"
"256","missing",""
"257","explicit","scripts/battle_moves_impls/battle_moves_impls.gml","yes","Semi-invulnerable Dig handling implemented in two-turn pipeline."
"258","missing",""
"259","covered_by_stat_changes",""
"260","missing",""
"261","missing",""
"262","missing",""
"263","explicit","scripts/PokemonDataLoaders/PokemonDataLoaders.gml (fallback mappings)"
"264","explicit","scripts/battle_moves_impls/battle_moves_impls.gml","yes","Bounce/airborne semi-invulnerable coverage in two-turn handler."
"266","covered_by_stat_changes",""
"267","explicit","scripts/battle_system/battle_system.gml (explicit handling)","yes","Implemented: Stealth Rock entry damage uses truthy flag, product-of-types multiplier via BATTLE_TYPE_EFFICACY, allows true 0 damage on immunity, and respects Magic Guard."
"268","missing",""
"269","missing",""
"270","explicit","scripts/PokemonDataLoaders/PokemonDataLoaders.gml (fallback mappings)"
"271","missing",""
"272","covered_by_stat_changes",""
"273","explicit","scripts/battle_moves_impls/battle_moves_impls.gml","yes","New vanish phase for Shadow Force / Phantom Force with Protect bypass."
"274","missing",""
"275","missing",""
"276","missing",""
"277","covered_by_stat_changes",""
"278","covered_by_stat_changes",""
"279","missing",""
"280","explicit","scripts/battle_system/battle_system.gml (explicit handling)"
"281","missing",""
"282","missing",""
"283","missing",""
"284","missing",""
"285","covered_by_stat_changes",""
"286","missing",""
"287","missing",""
"288","missing",""
"289","missing",""
"290","missing",""
"291","covered_by_stat_changes",""
"292","missing",""
"293","missing","datafiles/data/csv/moves.csv","no","Synchronoise same-type targeting is present in moves.csv but not yet implemented."
 "280","explicit","scripts/status_system/status_system.gml (explicit handling)"
"294","missing",""
"295","missing",""
"296","covered_by_stat_changes",""
"297","covered_by_stat_changes",""
"298","missing",""
"299","missing",""
"300","missing",""
"301","missing",""
"302","missing",""
"303","missing",""
"304","missing",""
"305","missing",""
"306","missing",""
"307","missing",""
"308","missing",""
"309","covered_by_stat_changes",""
"310","missing",""
"311","missing",""
"312","explicit","scripts/battle_moves_impls/battle_moves_impls.gml","yes","Sky Drop carrier/target lock implemented with semi-invulnerable state tracking."
"313","covered_by_stat_changes",""
"314","missing",""
"315","missing",""
"316","missing",""
"317","covered_by_stat_changes",""
"318","missing",""
"319","missing",""
"320","missing",""
"321","missing",""
"322","covered_by_stat_changes",""
"323","covered_by_stat_changes",""
"324","missing",""
"325","explicit","scripts/battle_system/battle_system.gml (explicit handling)","yes","Battle meta handler covers effect_id 325 multi-target stat changes."
"326","explicit","scripts/battle_system/battle_system.gml (explicit handling)","yes","Battle meta handler covers effect_id 326 multi-target stat changes."
"327","explicit","scripts/battle_system/battle_system.gml (explicit handling)","yes","Battle meta handler covers effect_id 327 multi-target stat changes."
"328","covered_by_stat_changes",""
"329","covered_by_stat_changes",""
"330","missing",""
"331","covered_by_stat_changes",""
"332","missing",""
"333","missing",""
"334","missing",""
"335","covered_by_stat_changes",""
"336","missing",""
"337","missing",""
"338","missing",""
"339","missing",""
"340","explicit","scripts/battle_system/battle_system.gml (explicit handling)"
"341","explicit","scripts/battle_system/battle_system.gml (explicit handling)","yes","Implemented: Sticky Web applies -1 Speed on grounded switch-ins; Clear Body/White Smoke/Full Metal Body ignore; Contrary reverses to +1; Flying/Levitate immune."
"342","missing","datafiles/data/csv/moves.csv","no","Fell Stinger KO-triggered Attack +2 is present in moves.csv but not yet implemented."
"340","explicit","scripts/battle_system/battle_system.gml (explicit handling)","yes","Implemented: Rototiller targets only grounded Grass-type Pokemon via multi-target pipeline; applies intended stat raises (+1 Atk, +1 SpA) where applicable."
"343","missing",""
"344","covered_by_stat_changes",""
"345","missing",""
"346","missing",""
"347","covered_by_stat_changes",""
"348","missing",""
"349","missing",""
"350","missing","datafiles/data/csv/moves.csv","no","Crafty Shield protection against non-damaging moves is present in moves.csv but not yet implemented."
"351","explicit","scripts/PokemonDataLoaders/PokemonDataLoaders.gml (fallback mappings)","yes","Implemented: Flower Shield raises Defense by +1 for all Grass-type Pokemon on the field via multi-target stat-change pipeline."
"351","explicit","scripts/battle_system/battle_system.gml (explicit handling)"
"352","explicit","scripts/battle_system/battle_system.gml (explicit handling)"
 "340","explicit","scripts/status_system/status_system.gml (explicit handling)"
"352","explicit","scripts/battle_system/battle_system.gml (explicit handling)","yes","Implemented: Grassy Terrain heals grounded Pokemon 1/16 max HP each end of turn; halves EQ/Bulldoze/Magnitude; boosts Grass-type moves by 1.3× for grounded attackers; duration tick/clear handled."
"354","missing","datafiles/data/csv/moves.csv","no","Electrify changing the target's move type before it acts is present in moves.csv but not yet implemented."
"355","missing",""
"356","missing",""
"357","covered_by_stat_changes",""
"358","covered_by_stat_changes",""
"359","covered_by_stat_changes",""
"360","covered_by_stat_changes",""
"361","explicit","scripts/PokemonDataLoaders/PokemonDataLoaders.gml (fallback mappings)","yes","Move meta synthesis sets effect_id 361 drain/multi-hit data."
"362","missing",""
"363","covered_by_stat_changes","","yes","Aromatic Mist Special Defense +1 is covered by generic stat-change data when present."
"364","missing","datafiles/data/csv/moves.csv","no","Venom Drench conditional stat drops against poisoned targets are present in moves.csv but not yet implemented."
"367","explicit","scripts/battle_system/battle_system.gml (explicit handling)","yes","Implemented: Magnetic Flux targets allies with Plus/Minus ability and raises Def and Sp. Def by +1 via multi-target pipeline (not Steel-specific)."
 "351","explicit","scripts/status_system/status_system.gml (explicit handling)"
"365","covered_by_stat_changes",""
"366","covered_by_stat_changes",""
"367","explicit","scripts/battle_system/battle_system.gml (explicit handling)"
"368","missing",""
"369","explicit","scripts/battle_system/battle_system.gml (explicit handling)"
"370","missing",""
"371","missing",""
"372","missing",""
"373","missing",""
"374","missing",""
"375","covered_by_stat_changes",""
"376","missing",""
"377","missing",""
"378","missing",""
"379","missing",""
"369","explicit","scripts/battle_system/battle_system.gml (explicit handling)","yes","Implemented: Electric Terrain boosts Electric-type moves by 1.3× for grounded attackers and blocks Sleep on grounded targets; duration tick/clear handled."
"380","missing","datafiles/data/csv/moves.csv","no","Freeze-Dry Water super-effectiveness override is present in moves.csv but not yet implemented."
"381","missing",""
"382","missing",""
"383","missing",""
"384","missing",""
"385","missing",""
"386","missing",""
"387","missing",""
"388","covered_by_stat_changes",""
"389","missing",""
"390","covered_by_stat_changes",""
"391","missing",""
"392","explicit","scripts/battle_system/battle_system.gml (explicit handling)"
"393","missing",""
"394","missing",""
"392","explicit","scripts/battle_system/battle_system.gml (explicit handling)","yes","Implemented: Gear Up targets allies with Plus/Minus ability and raises Atk and Sp. Atk by +1 via multi-target pipeline."
"396","covered_by_stat_changes",""
"397","covered_by_stat_changes",""
"398","missing",""
"399","missing",""
"400","missing",""
"401","missing",""
"402","missing",""
"403","missing",""
"404","missing",""
 "392","explicit","scripts/status_system/status_system.gml (explicit handling)"
"405","missing","datafiles/data/csv/moves.csv","no","Clanging Scales self Defense drop after damage is present in moves.csv but not yet implemented."
"406","missing",""
"407","missing",""
 "395","explicit","scripts/status_system/status_system.gml (explicit handling)"
"408","missing","datafiles/data/csv/moves.csv","no","Shell Trap physical-hit condition is present in moves.csv but not yet implemented."
"409","missing",""
"410","missing",""
"411","missing",""
"412","covered_by_stat_changes",""
"413","missing",""
"414","covered_by_stat_changes",""
"415","explicit","scripts/battle_system/battle_system.gml (explicit handling)","yes","Psychic Terrain apply/extension handled post-damage with terrain extender support."
"416","missing",""
"417","missing",""
"418","explicit","scripts/battle_system/battle_system.gml (explicit handling)","yes","Terrain clearing after damage implemented in __battle_apply_move_meta_effects."
"419","explicit","scripts/battle_system/battle_system.gml (explicit handling)","yes","Post-hit stat boosts handled via move meta effect_id 419 path."
"420","missing",""
"421","explicit","scripts/battle_system/battle_system.gml (explicit handling)","yes","Dynamax Cannon guard bypass/damage scaling wired in move damage pipeline."
"422","explicit","scripts/battle_system/battle_system.gml (explicit handling)","yes","Snipe Shot guard bypass implemented when applying damage."
"423","explicit","scripts/battle_system/battle_system.gml (explicit handling)","yes","Jaw Lock mutual trapping and switch lock handled via __battle_jaw_lock_bind/is_blocked."
"424","explicit","scripts/PokemonDataLoaders/PokemonDataLoaders.gml (fallback mappings)","yes","Move meta maps effect_id 424 party-wide status cure."
"425","explicit","scripts/PokemonDataLoaders/PokemonDataLoaders.gml (fallback mappings)","yes","Move meta maps effect_id 425 multi-target stat boosts."
"426","missing","datafiles/data/csv/moves.csv","no","Tar Shot status/type-effectiveness behavior is present in moves.csv but not yet implemented."
"427","missing","datafiles/data/csv/moves.csv","no","Magic Powder type-changing behavior is present in moves.csv but not yet implemented."
"428","missing","datafiles/data/csv/moves.csv","no","Dragon Darts target-selection/multi-hit behavior is present in moves.csv but not yet implemented."
"429","missing","datafiles/data/csv/moves.csv","no","Teatime held-berry activation is present in moves.csv but not yet implemented."
"430","missing","datafiles/data/csv/moves.csv","no","Octolock trapping plus end-turn stat drops are present in moves.csv but not yet implemented."
"431","missing","datafiles/data/csv/moves.csv","no","Bolt Beak/Fishious Rend first-move damage doubling is present in moves.csv but not yet implemented."
"432","missing","datafiles/data/csv/moves.csv","no","Court Change side-condition swapping is present in moves.csv but not yet implemented."
"433","missing","datafiles/data/csv/moves.csv","no","Clangorous Soul omniboost plus HP cost is present in moves.csv but not yet implemented."
"434","missing","datafiles/data/csv/moves.csv","no","Body Press Defense-as-Attack damage calculation is present in moves.csv but not yet implemented."
"435","covered_by_stat_changes","","yes","Decorate Attack/Special Attack +2 is covered by generic stat-change data when present."
"436","missing","datafiles/data/csv/moves.csv","no","Behemoth Blade/Bash Dynamax damage doubling is present in moves.csv but not yet implemented."
"437","missing","datafiles/data/csv/moves.csv","no","Aura Wheel form-dependent type and Speed boost behavior is present in moves.csv but not yet implemented."
"439","missing","datafiles/data/csv/moves.csv","no","Overdrive sound/punk-themed special handling is present in moves.csv but not yet audited."
"440","covered_by_stat_changes","","yes","Apple Acid Special Defense drop is covered by generic stat-change data when present."
"441","missing","datafiles/data/csv/moves.csv","no","Life Dew ally healing is present in moves.csv but not yet implemented."
"442","missing","datafiles/data/csv/moves.csv","no","Obstruct protection/contact Defense drop behavior is present in moves.csv but not yet implemented."
"443","missing",""
"10001","missing",""
"10002","missing","datafiles/data/csv/moves.csv","no","Shadow End 1/2 HP recoil is present in moves.csv but not yet implemented."
 "415","explicit","scripts/status_system/status_system.gml (explicit handling)","yes","Status hooks coordinate end-of-turn Psychic Terrain effects."
"10003","missing",""
"10004","missing",""
"10005","missing","datafiles/data/csv/moves.csv","no","Shadow Shed removing Light Screen, Reflect, and Safeguard is present in moves.csv but not yet implemented."
 "418","explicit","scripts/status_system/status_system.gml (explicit handling)","yes","Status hooks coordinate terrain clearing messages for Splintered Stormshards."
"10006","missing",""
"1044","explicit","scripts/PokemonDataLoaders/PokemonDataLoaders.gml (fallback mappings)","yes","Move meta synthesis handles effect_id 1044 drain ratio."
 "421","explicit","scripts/status_system/status_system.gml (explicit handling)","yes","Status hooks mirror Dynamax Cannon messaging."
"353","explicit","scripts/battle_system/battle_system.gml (explicit handling)","yes","Implemented: Misty Terrain halves Dragon-type damage vs grounded targets and blocks major status on grounded (sleep/burn/poison/toxic/paralysis/freeze) via status_system; duration tick/clear handled."
"395","explicit","scripts/battle_system/battle_system.gml (explicit handling)","yes","Implemented: Psychic Terrain blocks priority against grounded targets and boosts Psychic-type moves by 1.3× for grounded attackers; duration tick/clear handled."
