generation_id,local_language_id,name
1,1,だいいちせだい
1,3,1세대
1,4,第一世代
1,5,1re Génération
1,6,Generation I
1,7,Generación I
1,9,Generation I
1,11,第一世代
1,12,第一世代
2,1,だいにせだい
2,3,2세대
2,4,第二世代
2,5,2e Génération
2,6,Generation II
2,7,Generación II
2,9,Generation II
2,11,第二世代
2,12,第二世代
3,1,だいさんせだい
3,3,3세대
3,4,第三世代
3,5,3e Génération
3,6,Generation III
3,7,Generación III
3,9,Generation III
3,11,第三世代
3,12,第三世代
4,1,だいよんせだい
4,3,4세대
4,4,第四世代
4,5,4e Génération
4,6,Generation IV
4,7,Generación IV
4,9,Generation IV
4,11,第四世代
4,12,第四世代
5,1,だいごせだい
5,3,5세대
5,4,第五世代
5,5,5e Génération
5,6,Generation V
5,7,Generación V
5,9,Generation V
5,11,第五世代
5,12,第五世代
6,1,だいろくせだい
6,3,6세대
6,4,第六世代
6,5,6e Génération
6,6,Generation VI
6,7,Generación VI
6,9,Generation VI
6,11,第六世代
6,12,第六世代
7,1,だいななせだい
7,3,7세대
7,4,第七世代
7,5,7e Génération
7,6,Generation VII
7,7,Generación VII
7,9,Generation VII
7,11,第七世代
7,12,第七世代
8,1,だいはちせだい
8,3,8세대
8,4,第八世代
8,5,8e Génération
8,6,Generation VIII
8,7,Generación VIII
8,9,Generation VIII
8,11,第八世代
8,12,第八世代
9,1,だいきゅうせだい
9,3,9세대
9,4,第九世代
9,5,9e Génération
9,6,Generation IX
9,7,Generación IX
9,9,Generation IX
9,11,第九世代
9,12,第九世代
